{
    "vqc_thread1": {
        "minimumtimes": [
            0.00367714,
            0.01052911,
            0.042038719,
            0.188214023,
            0.882472346,
            4.948689998,
            21.809507075,
            143.815817008
        ],
        "stdtimes": [
            0.00036945218152253245,
            0.000556434853448175,
            0.0006179280459281022,
            0.052869914182782994,
            0.10094674013016806,
            0.2244094572728146,
            null,
            null
        ],
        "maximumtimes": [
            0.00722682,
            0.015022869,
            0.044331609,
            0.453857463,
            1.142220086,
            5.266052896,
            21.809507075,
            143.815817008
        ],
        "thread": "1",
        "nqubits": [
            [
                5
            ],
            [
                6
            ],
            [
                7
            ],
            [
                8
            ],
            [
                9
            ],
            [
                10
            ],
            [
                11
            ],
            [
                12
            ]
        ],
        "meantimes": [
            0.0037997057364813408,
            0.0108809306,
            0.042960602350427354,
            0.20016119148,
            0.9369020003333334,
            5.107371447,
            21.809507075,
            143.815817008
        ]
    }
}