{
    "CNOT": {
        "minimumtimes": [
            9.04275e-7,
            1.2e-6,
            1.838e-6,
            2.98625e-6,
            5.28e-6,
            9.9e-6,
            1.95e-5,
            3.807e-5,
            7.506e-5,
            0.00014858,
            0.00029639,
            0.000591161,
            0.001286652,
            0.003635465,
            0.00774976,
            0.015968689,
            0.032117959,
            0.064959409,
            0.129496448,
            0.259422386,
            0.519053243
        ],
        "stdtimes": [
            8.886307663706405e-7,
            1.7364794525365041e-6,
            1.7512605255951922e-6,
            2.2499071386846505e-6,
            2.2867496018576098e-7,
            3.180444757250374e-7,
            2.0054061396859487e-6,
            1.2773892842178091e-5,
            3.865950639473148e-6,
            2.398182334633621e-6,
            1.0843513190203372e-5,
            2.2771728575862983e-5,
            2.8652937363309225e-5,
            2.738273458887607e-5,
            6.152048405606038e-5,
            3.7680936422717815e-5,
            0.0001822286675614049,
            4.488845901540297e-5,
            0.0005779668729054377,
            0.00023517775875526022,
            0.001034452512970052
        ],
        "maximumtimes": [
            4.47653e-5,
            0.0001726022,
            0.00017462520000000002,
            0.000220359,
            7.411833333333333e-6,
            2.497e-5,
            0.00020599,
            0.001314082,
            0.0002708,
            0.00028786,
            0.00058307,
            0.002502123,
            0.002270562,
            0.004519586,
            0.008657501,
            0.01660892,
            0.032923191,
            0.065234679,
            0.13170609,
            0.260486588,
            0.521982156
        ],
        "nqubits": [
            10,
            11,
            12,
            13,
            14,
            15,
            16,
            17,
            18,
            19,
            20,
            21,
            22,
            23,
            24,
            25,
            26,
            27,
            28,
            29,
            30
        ],
        "meantimes": [
            9.587740074999998e-7,
            1.3134704800000003e-6,
            1.9990509500000002e-6,
            3.2035966375e-6,
            5.5040167333333335e-6,
            1.0256584199999999e-5,
            2.0204102900000002e-5,
            3.88376587e-5,
            7.67178572e-5,
            0.0001500574015,
            0.0003020079853,
            0.0005956294083951208,
            0.0013237782146652496,
            0.0036585525706959708,
            0.00780829559375,
            0.016007721485623003,
            0.03227124581290323,
            0.06503287445454545,
            0.13007320374358974,
            0.2596787671,
            0.5204447835
        ]
    },
    "RX": {
        "minimumtimes": [
            5.731666666666667e-6,
            7.1225e-6,
            9.78e-6,
            1.501e-5,
            2.548e-5,
            4.708e-5,
            9.0101e-5,
            0.00017588,
            0.00034464,
            0.00068554,
            0.001365082,
            0.002728423,
            0.005447037,
            0.010945953,
            0.021935946,
            0.043957413,
            0.087818327,
            0.175839564,
            0.351857149,
            0.704434368,
            1.413430003
        ],
        "stdtimes": [
            4.0326465403531306e-6,
            5.195099353578029e-6,
            3.654778909500099e-7,
            5.115667263478544e-7,
            1.3713248625959561e-5,
            7.463509056932958e-7,
            8.606621405898685e-7,
            2.083158780845121e-6,
            4.7481131894823994e-6,
            4.7310621297031064e-6,
            9.74925644971361e-6,
            3.65522791790621e-5,
            4.686077938557859e-5,
            9.530107321819443e-5,
            0.0002713683667743186,
            0.0019382537872828572,
            0.0059459210955579034,
            0.009632216794304062,
            0.01502475844842177,
            0.02982042483350172,
            0.06403205595406637
        ],
        "maximumtimes": [
            0.0002644086666666667,
            0.000416588,
            3.313e-5,
            3.806e-5,
            0.001395471,
            7.532e-5,
            0.00011742,
            0.00034958,
            0.000545491,
            0.000900821,
            0.001606192,
            0.004135605,
            0.006098447,
            0.012635486,
            0.024178329,
            0.04922739,
            0.101285193,
            0.202363777,
            0.403167062,
            0.784757586,
            1.568248713
        ],
        "nqubits": [
            10,
            11,
            12,
            13,
            14,
            15,
            16,
            17,
            18,
            19,
            20,
            21,
            22,
            23,
            24,
            25,
            26,
            27,
            28,
            29,
            30
        ],
        "meantimes": [
            5.976186966666667e-6,
            7.384444875e-6,
            1.00541419e-5,
            1.53725273e-5,
            2.61815949e-5,
            4.80639768e-5,
            9.158467230000001e-5,
            0.0001778138293,
            0.0003486462673,
            0.0006926678578179291,
            0.001376625405845051,
            0.002748815349834984,
            0.005484892982436883,
            0.011047311220750552,
            0.022148106942477874,
            0.0452833762972973,
            0.0926708159074074,
            0.1808697555,
            0.3606838977142857,
            0.7220874031428572,
            1.49685370025
        ]
    },
    "H": {
        "minimumtimes": [
            1.6810999999999999e-6,
            3.1e-6,
            5.6485e-6,
            1.084e-5,
            2.142e-5,
            4.214e-5,
            8.501e-5,
            0.000168881,
            0.000337551,
            0.000673441,
            0.001350801,
            0.002703713,
            0.005417147,
            0.010913003,
            0.021842087,
            0.046155077,
            0.091921902,
            0.174952454,
            0.349822306,
            0.701480515,
            1.400535988
        ],
        "stdtimes": [
            4.871769990645614e-8,
            6.353434920631714e-8,
            8.787982019755772e-8,
            4.234949924776271e-7,
            2.8213748716637506e-7,
            5.651370060059027e-7,
            9.909205723437522e-7,
            1.0413391166470871e-6,
            1.6461988705974e-6,
            2.5698136954057264e-6,
            7.319707261338724e-6,
            1.6480484009358822e-5,
            4.538642893843599e-5,
            0.00044897988201973336,
            0.0009362733105680676,
            0.0006094345172810894,
            0.0003666724828851492,
            0.0036361191499489644,
            0.009464531332356682,
            0.008732680110869202,
            0.02897881576853385
        ],
        "maximumtimes": [
            2.972e-6,
            4.4075e-6,
            7.15e-6,
            4.7411e-5,
            2.908e-5,
            5.566e-5,
            0.00010293,
            0.00018241,
            0.00035275,
            0.000706081,
            0.001657182,
            0.003152544,
            0.006073597,
            0.012341565,
            0.024177509,
            0.04910368,
            0.094265105,
            0.187722799,
            0.373474076,
            0.725389345,
            1.454372863
        ],