{
    "CNOT": {
        "minimumtimes": [
            8.872340425531915e-7,
            1.192e-6,
            1.819e-6,
            2.982222222222222e-6,
            5.291666666666667e-6,
            1.016e-5,
            1.984e-5,
            3.84e-5,
            7.6051e-5,
            0.00015174,
            0.00030067,
            0.00061108,
            0.001293701,
            0.003404153,
            0.007522318,
            0.015697757,
            0.031914704,
            0.064431437,
            0.130733178,
            0.263712548,
            0.52122142
        ],
        "stdtimes": [
            8.113537686874879e-7,
            2.6734366682779544e-6,
            6.616795072013829e-7,
            8.86666797000381e-8,
            4.0694441111687824e-7,
            2.6790907646289006e-6,
            2.003013340435755e-5,
            2.287481834439828e-6,
            4.1552773019128275e-6,
            5.3806937226631975e-5,
            0.00010000060971632504,
            0.00020250019677824744,
            0.0001035791375076745,
            4.294042540133202e-5,
            7.301079538530609e-5,
            9.754841176592455e-5,
            0.0004925127511334376,
            0.0005225846784082513,
            0.0007308963567902059,
            0.005955716153790287,
            0.008607077055420556
        ],
        "maximumtimes": [
            3.803236170212766e-5,
            0.00014968320000000002,
            2.0999e-5,
            4.282222222222222e-6,
            4.2755e-5,
            0.000200031,
            0.00021699,
            0.00022949,
            0.00027809,
            0.0004543,
            0.000772091,
            0.001487351,
            0.001646442,
            0.004101824,
            0.008505309,
            0.016199647,
            0.033170384,
            0.067583422,
            0.133951461,
            0.276301852,
            0.538434009
        ],
        "nqubits": [
            10,
            11,
            12,
            13,
            14,
            15,
            16,
            17,
            18,
            19,
            20,
            21,
            22,
            23,
            24,
            25,
            26,
            27,
            28,
            29,
            30
        ],
        "meantimes": [
            9.494614425531917e-7,
            1.30679805e-6,
            1.9403774000000003e-6,
            3.0792793777777774e-6,
            5.448501666666666e-6,
            1.07704292e-5,
            2.3417804400000002e-5,
            3.96084953e-5,
            7.87047058e-5,
            0.0002141366867,
            0.00043329142628928635,
            0.0008607859247679531,
            0.0014620977993492408,
            0.003458247979079498,
            0.007597131173913044,
            0.015861744842519686,
            0.032518473640625,
            0.06667490909375,
            0.1328361884375,
            0.2686512101666667,
            0.529894723
        ]
    },
    "RX": {
        "minimumtimes": [
            5.773333333333333e-6,
            7.1575e-6,
            9.96e-6,
            1.534e-5,
            2.612e-5,
            4.83e-5,
            9.212e-5,
            0.00017892,
            0.00035299,
            0.000699781,
            0.001393601,
            0.002791503,
            0.005608926,
            0.011383532,
            0.022502284,
            0.044971687,
            0.089745885,
            0.17994827,
            0.359947681,
            0.739581651,
            1.529781746
        ],
        "stdtimes": [
            4.361775665244074e-6,
            5.56491761947074e-6,
            1.9442088887205027e-6,
            2.735582241567734e-6,
            6.557011595124861e-7,
            2.7606229941885585e-6,
            3.529882705552797e-6,
            5.542078654352918e-5,
            6.085155183858391e-5,
            6.951720452862176e-5,
            0.0001143398554636899,
            0.00012629560578080387,
            0.00010172939425857781,
            0.00024895154731174537,
            0.0008151990326114143,
            0.0012282019729756097,
            0.003908447017650728,
            0.008173209079724865,
            0.005762139201702155,
            0.027794218741718037,
            0.019923970289691274
        ],
        "maximumtimes": [
            0.0002667186666666667,
            0.00031763775,
            0.0001999,
            0.000284331,
            4.888e-5,
            0.00023646,
            0.000284391,
            0.00038927,
            0.000563361,
            0.001114451,
            0.001826651,
            0.003288333,
            0.006119376,
            0.012327093,
            0.024943236,
            0.049322152,
            0.100205836,
            0.19909824,
            0.374692696,
            0.798500883,
            1.557958495
        ],
        "nqubits": [
            10,
            11,
            12,
            13,
            14,
            15,
            16,
            17,
            18,
            19,
            20,
            21,
            22,
            23,
            24,
            25,
            26,
            27,
            28,
            29,
            30
        ],
        "meantimes": [
            6.026316683333333e-6,
            7.5504095e-6,
            1.03878993e-5,
            1.5915417299999998e-5,
            2.69635248e-5,
            4.9500117e-5,
            9.39356226e-5,
            0.0002001292789,
            0.0003805053649,
            0.0007373103592529064,
            0.0014833767689364959,
            0.002967995283210332,
            0.005877006428571428,
            0.011625168935606061,
            0.023542324419117647,
            0.04582899607042254,
            0.0948408591142857,
            0.19200542344444443,
            0.3645692253333333,
            0.780366459,
            1.5438701205
        ]
    },
    "H": {
        "minimumtimes": [
            1.716e-6,
            3.05125e-6,
            5.75e-6,
            1.112e-5,
            2.169e-5,
            4.306e-5,
            8.59e-5,
            0.00017231,
            0.000344451,
            0.000688271,
            0.001384221,
            0.002768302,
            0.005541426,
            0.011209372,
            0.022290944,
            0.044557507,
            0.089327354,
            0.179031369,
            0.357370927,
            0.738088729,
            1.448847181
        ],
        "stdtimes": [
            3.445145011769669e-6,
            1.6344355510255614e-6,
            8.134790519377548e-7,
            3.6092909941848785e-7,
            2.0516804084325957e-6,
            2.7963845333708303e-6,
            2.2340721236531748e-6,
            4.672365951731704e-5,
            5.78454920348172e-5,
            8.421857474602707e-5,
            0.00016126850737343867,
            0.00010692620242406857,
            0.00010359521774494419,
            0.00025995191400746836,
            0.00011528239473154938,
            0.0018571803940341006,
            0.003760886306659118,
            0.007033165631980933,
            0.014428489935462118,
            0.016345304976703473,
            0.08686270042119137
        ],
        "maximumtimes": [
            0.0002531643,
            9.70425e-5,
            8.629016666666668e-5,
            1.947e-5,
            0.00021756,
            0.000234201,
            0.000275791,
            0.00036991,
            0.000557051,
            0.001091851,
            0.003897774,
            0.003404413,
            0.006021126,
            0.012493063,
            0.023277504,
            0.049403602,
            0.098684814,
            0.197056468,
            0.391423363,
            0.777816382,
            1.57168959
        ],