{
    "ad": {
        "minimumtimes": [
            0.020064685,
            0.035865664,
            0.068899034,
            0.138437059,
            0.284963867,
            0.591854742,
            1.23856269,
            2.60768055,
            5.466250335,
            11.300166787,
            24.729250402,
            52.472130987,
            109.865257423,
            236.132345345,
            495.568951663,
            1053.330461155
        ],
        "stdtimes": [
            0.0009998500848260592,
            0.0010937968445928201,
            0.0013319978933029966,
            0.0009742509439135263,
            0.0016476484530262606,
            0.001539888257721274,
            0.0017738606533204066,
            0.019703532579083492,
            null,
            null,
            null,
            null,
            null,
            null,
            null,
            null
        ],
        "maximumtimes": [
            0.023965979,
            0.040922369,
            0.076279813,
            0.141900533,
            0.290803434,
            0.596355607,
            1.242740205,
            2.635545553,
            5.466250335,
            11.300166787,
            24.729250402,
            52.472130987,
            109.865257423,
            236.132345345,
            495.568951663,
            1053.330461155
        ],
        "nqubits": [
            12,
            13,
            14,
            15,
            16,
            17,
            18,
            19,
            20,
            21,
            22,
            23,
            24,
            25,
            26,
            27
        ],
        "meantimes": [
            0.020535515704918034,
            0.036415844152173915,
            0.0696509008888889,
            0.13911137705555554,
            0.2859631992222222,
            0.5934394981111112,
            1.2408054365999999,
            2.6216130515,
            5.466250335,
            11.300166787,
            24.729250402,
            52.472130987,
            109.865257423,
            236.132345345,
            495.568951663,
            1053.330461155
        ]
    },
    "vqc": {
        "minimumtimes": [
            0.000982432,
            0.002141692,
            0.004661766,
            0.010081182,
            0.021812597,
            0.046975687,
            0.100231212,
            0.212949949,
            0.45120638,
            0.954186614,
            2.014798587,
            4.301064893,
            9.057070403,
            19.016375116,
            40.063068137,
            83.421716902
        ],
        "stdtimes": [
            3.0360326898228156e-5,
            2.7194441301930573e-5,
            4.221472669806093e-5,
            0.00012095551086562767,
            5.4264251485300806e-5,
            0.00012617201696443644,
            0.00021550937210791876,
            0.0003130057804261351,
            0.0007488297821351699,
            0.0015771405305277015,
            0.0034681982452069164,
            0.0009381482650850024,
            null,
            null,
            null,
            null
        ],
        "maximumtimes": [
            0.002810514,
            0.003133784,
            0.005152057,
            0.011190204,
            0.022181967,
            0.048141458,
            0.101212793,
            0.214187561,
            0.453590273,
            0.958291538,
            2.020913284,
            4.302391635,
            9.057070403,
            19.016375116,
            40.063068137,
            83.421716902
        ],
        "nqubits": [
            12,
            13,
            14,
            15,
            16,
            17,
            18,
            19,
            20,
            21,
            22,
            23,
            24,
            25,
            26,
            27
        ],
        "meantimes": [
            0.000992464473926074,
            0.00215994136773634,
            0.004691964206020696,
            0.010158699028455285,
            0.02194121506578947,
            0.04715899033962264,
            0.10057142924,
            0.213430204,
            0.45207755266666666,
            0.956999962,
            2.018801278333333,
            4.301728264,
            9.057070403,
            19.016375116,
            40.063068137,
            83.421716902
        ]
    }
}