{
    "vqc_thread1": {
        "minimumtimes": [
            0.118428107,
            0.602384981,
            2.851891179,
            13.198584441,
            60.404003392,
            273.076654204,
            1233.392911916,
            5761.096137249
        ],
        "stdtimes": [
            0.001425497205653668,
            0.0026351758160673127,
            0.00025585951770454036,
            null,
            null,
            null,
            null,
            null
        ],
        "maximumtimes": [
            0.12638782,
            0.610990664,
            2.852253019,
            13.198584441,
            60.404003392,
            273.076654204,
            1233.392911916,
            5761.096137249
        ],
        "thread": "1",
        "nqubits": [
            [
                5
            ],
            [
                6
            ],
            [
                7
            ],
            [
                8
            ],
            [
                9
            ],
            [
                10
            ],
            [
                11
            ],
            [
                12
            ]
        ],
        "meantimes": [
            0.12153368978571429,
            0.6052661715555556,
            2.852072099,
            13.198584441,
            60.404003392,
            273.076654204,
            1233.392911916,
            5761.096137249
        ]
    }
}