{
    "CNOT": {
        "minimumtimes": [
            0.00022014,
            0.000443501,
            0.00094761,
            0.00191623,
            0.003850541,
            0.007793482,
            0.015650635,
            0.031552001,
            0.063415492,
            0.127273534,
            0.257593319,
            0.51875964,
            1.037596779,
            2.093947033,
            4.366146348,
            9.062734571,
            18.286607578,
            36.932825808,
            74.270983497,
            135.837502036,
            271.231766168
        ],
        "stdtimes": [
            9.386703148991945e-5,
            0.00013194162771123532,
            0.00017362587853048548,
            0.0002495201079762415,
            0.0003567714707864603,
            0.0005246215331649258,
            0.0007297407781400813,
            0.0009831829568628992,
            0.001175316284101007,
            0.0008005672569849218,
            0.07408555416970138,
            0.0651113192079957,
            0.1279493200216854,
            0.15351124147862105,
            0.07314833399448668,
            null,
            null,
            null,
            null,
            null,
            null
        ],
        "maximumtimes": [
            0.002856401,
            0.003051971,
            0.004358941,
            0.004681731,
            0.006827493,
            0.010551074,
            0.018966876,
            0.034684032,
            0.066825663,
            0.132846776,
            0.49028098,
            0.659619468,
            1.30192635,
            2.385623145,
            4.469593714,
            9.062734571,
            18.286607578,
            36.932825808,
            74.270983497,
            135.837502036,
            271.231766168
        ],
        "nqubits": [
            10,
            11,
            12,
            13,
            14,
            15,
            16,
            17,
            18,
            19,
            20,
            21,
            22,
            23,
            24,
            25,
            26,
            27,
            28,
            29,
            30
        ],
        "meantimes": [
            0.0002291875233,
            0.0004592493655,
            0.0009768471519261007,
            0.0019799334157392687,
            0.003973328621212121,
            0.008017186348314607,
            0.01608954593870968,
            0.03233736896129032,
            0.06478606611688312,
            0.1294581945128205,
            0.2871280004444444,
            0.5756484934444445,
            1.1676009258,
            2.2674555466666666,
            4.417870031,
            9.062734571,
            18.286607578,
            36.932825808,
            74.270983497,
            135.837502036,
            271.231766168
        ]
    },
    "RX": {
        "minimumtimes": [
            0.00044446,
            0.000943731,
            0.001915271,
            0.003842402,
            0.007704892,
            0.015558905,
            0.03138359,
            0.063067542,
            0.126788284,
            0.256521289,
            0.516424468,
            1.034489958,
            2.075764497,
            4.171300991,
            8.606558213,
            17.719306682,
            36.035697119,
            73.054867377,
            146.915494913,
            270.444295536,
            541.235178862
        ],
        "stdtimes": [
            0.00013096526750272972,
            0.00018141806547761926,
            0.00024625115106780444,
            0.00036163326046903646,
            0.0005306410354268934,
            0.0007509552101403451,
            0.000974280073104542,
            0.0011908988852634408,
            0.0009387808049615711,
            0.05045562779939171,
            0.05979486281466002,
            0.10792553722155145,
            0.1459905555969937,
            0.16804420373484125,
            null,
            null,
            null,
            null,
            null,
            null,
            null
        ],
        "maximumtimes": [
            0.003457751,
            0.003781042,
            0.004782161,
            0.006783872,
            0.010591364,
            0.019588787,
            0.035270792,
            0.066216963,
            0.131405556,
            0.479349025,
            0.651713725,
            1.279028911,
            2.339702659,
            4.408951383,
            8.606558213,
            17.719306682,
            36.035697119,
            73.054867377,
            146.915494913,
            270.444295536,
            541.235178862
        ],
        "nqubits": [
            10,
            11,
            12,
            13,
            14,
            15,
            16,
            17,
            18,
            19,
            20,
            21,
            22,
            23,
            24,
            25,
            26,
            27,
            28,
            29,
            30
        ],
        "meantimes": [
            0.00045995931170000003,
            0.0009743591790811339,
            0.00197412281933439,
            0.003957910509912768,
            0.007943904503974563,
            0.01599049958146965,
            0.032141059743589745,
            0.06439137126923077,
            0.1291726106153846,
            0.27143094915789473,
            0.5551896396,
            1.0860116452000002,
            2.2437770886666666,
            4.290126187,
            8.606558213,
            17.719306682,
            36.035697119,
            73.054867377,
            146.915494913,
            270.444295536,
            541.235178862
        ]
    },
    "H": {
        "minimumtimes": [
            0.00044442,
            0.00094462,
            0.001935191,
            0.003882491,
            0.007765413,
            0.015718065,
            0.031558221,
            0.063519782,
            0.127571254,
            0.258590119,
            0.51952292,
            1.04394552,
            2.093123543,
            4.204175763,
            8.696728194,
            17.878984976,
            36.307214502,
            73.501735222,
            147.806545121,
            271.433710448,
            543.787576155
        ],
        "stdtimes": [
            0.00013664748174821957,
            0.0001759974037957439,
            0.00024381459869406787,
            0.00038471192749146366,
            0.0005735626721419048,
            0.0007595337395032416,
            0.0009974852529629084,
            0.0013419988892453471,
            0.0009055520365910434,
            0.05278501917339045,
            0.06009264692450714,
            0.10835559660290685,
            0.1472258082080908,
            0.17149808943496395,
            null,
            null,
            null,
            null,
            null,
            null,
            null
        ],
        "maximumtimes": [
            0.004344931,
            0.003587262,
            0.004707212,
            0.008431122,
            0.012801665,
            0.019720126,
            0.035420742,
            0.070086864,
            0.131230635,
            0.49091638,
            0.657784207,
            1.288790935,
            2.355151784,
            4.446710687,
            8.696728194,
            17.878984976,
            36.307214502,
            73.501735222,
            147.806545121,
            271.433710448,
            543.787576155
        ],
        "nqubits": [
            10,
            11,
            12,
            13,
            14,
            15,
            16,
            17,
            18,
            19,
            20,
            21,
            22,
            23,
            24,
            25,
            26,
            27,
            28,
            29,
            30
        ],