{
    "ad": {
        "minimumtimes": [
            4.326609313,
            9.498577302,
            20.489795556,
            44.181843368,
            94.693689681,
            201.704288415,
            430.394431955,
            919.992289406,
            1938.4383884,
            4063.620494483,
            8566.335668724,
            18541.470233368,
            39376.752295736,
            84019.510210131
        ],
        "stdtimes": [
            0.012621161665320749,
            null,
            null,
            null,
            null,
            null,
            null,
            null,
            null,
            null,
            null,
            null,
            null,
            null
        ],
        "maximumtimes": [
            4.344458331,
            9.498577302,
            20.489795556,
            44.181843368,
            94.693689681,
            201.704288415,
            430.394431955,
            919.992289406,
            1938.4383884,
            4063.620494483,
            8566.335668724,
            18541.470233368,
            39376.752295736,
            84019.510210131
        ],
        "nqubits": [
            12,
            13,
            14,
            15,
            16,
            17,
            18,
            19,
            20,
            21,
            22,
            23,
            24,
            25
        ],
        "meantimes": [
            4.335533822,
            9.498577302,
            20.489795556,
            44.181843368,
            94.693689681,
            201.704288415,
            430.394431955,
            919.992289406,
            1938.4383884,
            4063.620494483,
            8566.335668724,
            18541.470233368,
            39376.752295736,
            84019.510210131
        ]
    },
    "vqc": {
        "minimumtimes": [
            0.842638568,
            1.849563159,
            4.027710393,
            8.706636853,
            18.613255489,
            39.751254,
            85.221571889,
            179.403440939,
            377.907959659,
            798.025465512,
            1674.852404161,
            3499.544579177,
            7341.529004067,
            15849.535545412
        ],
        "stdtimes": [
            0.001916878219165283,
            0.0008806386068796894,
            0.007211202940867807,
            null,
            null,
            null,
            null,
            null,
            null,
            null,
            null,
            null,
            null,
            null
        ],
        "maximumtimes": [
            0.847173707,
            1.851231898,
            4.037908574,
            8.706636853,
            18.613255489,
            39.751254,
            85.221571889,
            179.403440939,
            377.907959659,
            798.025465512,
            1674.852404161,
            3499.544579177,
            7341.529004067,
            15849.535545412
        ],
        "nqubits": [
            12,
            13,
            14,
            15,
            16,
            17,
            18,
            19,
            20,
            21,
            22,
            23,
            24,
            25
        ],
        "meantimes": [
            0.8443482523333333,
            1.850560165,
            4.0328094835,
            8.706636853,
            18.613255489,
            39.751254,
            85.221571889,
            179.403440939,
            377.907959659,
            798.025465512,
            1674.852404161,
            3499.544579177,
            7341.529004067,
            15849.535545412
        ]
    }
}